Workbook

Sheet How_To_Use
A1: AM Standard — Pneumatic System (自主保全基準書 = มาตรฐาน AM · ระบบลม)
A2: AM Step 3–4 · Module 4-4 (Pneumatics) · จาก OPL 5'-A-1 … 5'-C-5 (JIPM-Solutions · Equipment Skills Training – Pneumatic) · วิดีโอ EP22–EP31
A3: เครื่องจักร | D3: Line / Section
A4: AM Step | D4: วันที่ / ผู้จัดทำ
A6: ชีท | B6: ใช้ทำอะไร
A7: Breakdown | B7: Step 1 · แยก System → Component/Part · หน้าที่ · สภาพปกติ · Module M1–M6 (ฉบับเต็มอยู่ในไฟล์ Know_My_Machine_Pneumatic_System.xlsx)
A8: FMEA | B8: Step 2 + 3A · Failure mode/effect/cause → CILT gap + Stress/Strength · S/O/D พร้อมเหตุผล · RPN และ Risk level คำนวณด้วยสูตร
A9: AM_Standard | B9: Step 4 · มาตรฐาน CILT: วิธีทำ 1-2-3 · เกณฑ์ ✓/✗ · ความถี่ · เวลา · Risk · Kaizen · ผลถ้าละเลย · ผู้รับผิดชอบ · ข้อใน AM Check Sheet
A10: AM_Calendar | B10: ปฏิทิน 12 เดือนตามความถี่ใน AM_Standard (D/W/Q/S/A) · เดือนของรอบ 3 เดือน/6 เดือน/1 ปี เป็นข้อเสนอ *
A11: Kaizen_IoT_CBM | B11: Step 3B · จุดที่เป็น HTA (เข้าถึงยาก) หรือ SOC (แหล่งสกปรก) และใช้เวลา > 2 นาที → Visual control · Karakuri · IoT CBM
A12: Verification | B12: Step 5 · ตรวจ V1–V10 ก่อนใช้
A13: To_Confirm | B13: ประเด็นที่หัวหน้างาน / ฝ่ายซ่อม / Safety ต้องยืนยัน
A15: CILT | B15: C = Cleaning (清掃 ทำความสะอาด) · I = Inspection (点検 ตรวจ) · L = Lubrication (給油 หล่อลื่น/เติมน้ำมัน) · T = Tightening (増締め ขันแน่น) · A = Alignment/Adjust (芯出し・調整 ตั้งศูนย์/ปรับ)
A16: Risk level | B16: CRITICAL: S ≥ 9 หรือ (S ≥ 7 และ RPN ≥ 200) · HIGH: S ≥ 7 หรือ RPN ≥ 150 หรือ O ≥ 7 · MEDIUM: D ≥ 8 · LOW: อื่นๆ (RPN = S × O × D)
A17: ป้ายที่มา | B17: PDF p.x = ต้นฉบับ JIPM-Solutions · [INFER] = หลักวิศวกรรมทั่วไป · [AI-KB] = ความรู้นอกต้นฉบับ (ราคา/อุปกรณ์) · * = ข้อเสนอ · [DATA REQUIRED] = ค่าของเครื่อง (ช่องเหลือง)
A18: ความเชื่อมั่น | B18: Breakdown / Normal condition / CILT: HIGH (จาก PDF p.35–49) · FMEA S, D: MEDIUM · O และเวลา: LOW–MEDIUM ([INFER] ยังไม่มีประวัติเสียและเวลาจริง) · ราคา Kaizen: LOW ([AI-KB])
... A20: ใช้คู่กับ | B20: Know_My_Machine_Pneumatic_System.xlsx (สอนก่อน) · AM_Check_Sheet_Pneumatic_System.xlsx (D/W/P = เลขข้อในชีท Daily/Weekly/Periodic) · วิดีโอ EP22–EP31

Sheet Breakdown
A1: Step 1 · Function & Breakdown Analysis — ระบบลม
A2: System → Component/Part · Part No. ต้องใส่จาก Spare Part List ของเครื่องจริง · Module: M1 Bolt/Nut · M2 Lubrication · M3 Drive · M4 Hydraulics · M5 Pneumatics · M6 Electrical
A4: ID | B4: System | C4: Component / Part | D4: Part No. | E4: หน้าที่ (Function) | F4: สภาพปกติ (Normal condition + Spec) | G4: Module | H4: ที่มา
A5: ① ระบบท่อลม (Air piping)
A6: P01 | B6: ① ระบบท่อลม (Air piping) | C6: ข้อต่อท่อ · Stop valve · สายยาง | D6: [DATA REQUIRED] | E6: ส่งลมจาก Compressor ถึงเครื่อง | F6: ไม่มีลมรั่ว (Table 2) | G6: M5 | H6: PDF p.41, p.45
A7: P02 | B7: ① ระบบท่อลม (Air piping) | C7: หน้าแปลน · โบลต์ · ที่ยึดท่อ | D7: [DATA REQUIRED] | E7: ยึดท่อไม่ให้สั่น | F7: ไม่หลวม · ท่อไม่สั่นผิดปกติ | G7: M1 | H7: PDF p.44
A8: ② ชุด 3 ตัว (FRL)
A9: P03 | B9: ② ชุด 3 ตัว (FRL) | C9: Air filter — ถ้วย (Bowl) + Drain (Manual/Auto) | D9: [DATA REQUIRED] | E9: เก็บน้ำและสิ่งสกปรกที่แยกได้ แล้วระบายออก | F9: ไม่มีน้ำขังในถ้วย · Auto drain ทำงาน | G9: M5 | H9: PDF p.38, p.44–45, p.49
A10: P04 | B10: ② ชุด 3 ตัว (FRL) | C10: Air filter — Case (ถ้วยใส) | D10: [DATA REQUIRED] | E10: ห่อหุ้มลมอัดในชุดกรอง | F10: ไม่แตกร้าว | G10: M5 | H10: PDF p.38, p.46
A11: P05 | B11: ② ชุด 3 ตัว (FRL) | C11: Air filter — Filter element | D11: [DATA REQUIRED] | E11: กรองฝุ่นและน้ำ | F11: ไม่ตัน · เข็มเกจ Regulator ไม่แกว่งมาก | G11: M5 | H11: PDF p.38, p.46, p.49
A12: P06 | B12: ② ชุด 3 ตัว (FRL) | C12: Regulator — Handle + Lock nut | D12: [DATA REQUIRED] | E12: ตั้งค่าแรงดัน · Lock nut กันค่าตั้งเคลื่อน | F12: Lock nut แน่น · เกจชี้ค่าตั้ง (แถบเขียว) [DATA REQUIRED] | G12: M5 | H12: PDF p.39, p.49
A13: P07 | B13: ② ชุด 3 ตัว (FRL) | C13: Regulator — Diaphragm · Spring · Packing | D13: [DATA REQUIRED] | E13: รักษาแรงดันขาออกคงที่ | F13: ไม่เสียหาย ไม่สนิม/ล้า/หัก | G13: M5 | H13: PDF p.39, p.46
A14: P08 | B14: ② ชุด 3 ตัว (FRL) | C14: Pressure gauge (FRL) | D14: [DATA REQUIRED] | E14: ยืนยันค่าแรงดันที่ตั้ง | F14: ในช่วงใช้งานปกติ · ปล่อยแรงดันแล้วชี้ 0 | G14: M5 | H14: PDF p.39, p.44–46
A15: P09 | B15: ② ชุด 3 ตัว (FRL) | C15: Lubricator — น้ำมันในถ้วย | D15: [DATA REQUIRED] | E15: แหล่งน้ำมันหล่อลื่นวาล์วและกระบอกสูบ | F15: น้ำมันใส · ระดับพอ · เติมสัปดาห์ละครั้ง | G15: M5 | H15: PDF p.40, p.43–44, p.49
A16: P10 | B16: ② ชุด 3 ตัว (FRL) | C16: Lubricator — Drop adjust screw · Sight dome | D16: [DATA REQUIRED] | E16: ตั้งปริมาณหยดน้ำมัน | F16: 2–6 หยด/นาที ขณะเครื่องเดิน (หรือค่าที่ฝ่ายซ่อมกำหนด) | G16: M5 | H16: PDF p.40, p.49
A17: P11 | B17: ② ชุด 3 ตัว (FRL) | C17: Lubricator — Oil cap | D17: [DATA REQUIRED] | E17: ปิดช่องเติมน้ำมัน | F17: เปิดเฉพาะเมื่อไม่มีแรงดันค้าง | G17: M5 | H17: PDF p.40
A18: ③ วาล์วควบคุม (Control valves)
A19: P12 | B19: ③ วาล์วควบคุม (Control valves) | C19: Solenoid valve — Coil · Magnet core | D19: [DATA REQUIRED] | E19: ดูด Core เลื่อน Spool | F19: ฉนวนดี · Core สมบูรณ์ ไม่สนิม | G19: M6 | H19: PDF p.46
A20: P13 | B20: ③ วาล์วควบคุม (Control valves) | C20: Solenoid valve — Spool · Valve seat · Spring · O-ring | D20: [DATA REQUIRED] | E20: เปลี่ยนทิศทางลม | F20: สลับราบรื่น · ไม่รั่วที่ Exhaust port | G20: M5 | H20: PDF p.43, p.45–46
A21: P14 | B21: ③ วาล์วควบคุม (Control valves) | C21: Exhaust port · Silencer | D21: [DATA REQUIRED] | E21: ทางลมระบาย · จุดดูละอองน้ำมัน | F21: ละอองน้ำมันพอดี · ไม่มีลมรั่วต่อเนื่อง | G21: M5 | H21: PDF p.40, p.42, p.45
A22: P15 | B22: ③ วาล์วควบคุม (Control valves) | C22: Speed controller — Needle valve · Seat packing | D22: [DATA REQUIRED] | E22: ปรับความเร็วกระบอกสูบ | F22: ความเร็วเหมือนทุกครั้ง · ปรับแล้วเปลี่ยนตาม | G22: M5 | H22: PDF p.44–46
A23: P16 | B23: ③ วาล์วควบคุม (Control valves) | C23: Relief valve (Safety valve) | D23: [DATA REQUIRED] | E23: ระบายแรงดันเกิน | F23: Valve seat ไม่บาก · Diaphragm · สปริงดี | G23: M5 | H23: PDF p.37, p.46
A24: ④ กระบอกสูบลม (Actuator)
A25: P17 | B25: ④ กระบอกสูบลม (Actuator) | C25: Air cylinder — Tube · Piston · Packing | D25: [DATA REQUIRED] | E25: เปลี่ยนแรงดันลมเป็นการเคลื่อนที่ | F25: เคลื่อนที่ราบรื่น ความเร็วปกติ | G25: M5 | H25: PDF p.43, p.46
A26: P18 | B26: ④ กระบอกสูบลม (Actuator) | C26: Air cylinder — Rod seal | D26: [DATA REQUIRED] | E26: กันลมรั่วที่ก้านสูบ | F26: ไม่มีลมรั่วที่ก้านสูบ | G26: M5 | H26: PDF p.43, p.45
A27: ⑤ สายลม + การรัด (Air tube)
A28: P19 | B28: ⑤ สายลม + การรัด (Air tube) | C28: Air tube (สายลม) | D28: [DATA REQUIRED] | E28: ส่งลมระหว่างอุปกรณ์ | F28: สายกลม ไม่บุบ ไม่มีรอยสึก | G28: M5 | H28: PDF p.47
A29: P20 | B29: ⑤ สายลม + การรัด (Air tube) | C29: Binder · Lock band | D29: [DATA REQUIRED] | E29: รัดสายให้เป็นระเบียบ กันเสียดสี | F29: รัดเผื่อระยะ · Band ตรงขนาดและจำนวนสาย · ไม่ใช้ของทดแทน | G29: M5 | H29: PDF p.47

Sheet FMEA
A1: Step 2 · FMEA Risk Assessment (AIAG 4th) + Step 3A Critical selection — ระบบลม
A2: BD = Breakdown · DF = Defect · MS = Minor stop/ความสูญเสีย · SF = Safety · RPN, Risk level และคอลัมน์สุดท้ายเป็นสูตร — แก้ S/O/D แล้วจัดลำดับใหม่ทันที · O ยังไม่มีประวัติเสีย [INFER]
A4: ID | B4: Part | C4: Failure mode | D4: Failure effect (BD/DF/MS/SF) | E4: Failure cause (CILT gap) | F4: Stress / Strength | G4: S | H4: เหตุผล S | I4: O | J4: เหตุผล O | K4: D | L4: เหตุผล D | M4: RPN | N4: Risk level | O4: อยู่ใน AM Standard
A5: P01 | B5: ข้อต่อท่อ · Stop valve · สายยาง | C5: ลมรั่ว | D5: MS: แรงดันตก สูญเสียลมอัด [INFER] | E5: ขาด I + ขาด T | F5: Strength ลด (ซีล/เกลียวเสื่อม) | G5: 5 | H5: S5 = หน้าที่รองลดลง | I5: 6 | J5: O6 ต้นฉบับ: ส่วนใหญ่ไม่มีผู้ดูแลระบบลมโดยเฉพาะ (p.44) [INFER] | K5: 8 | L5: D8 = ตรวจได้ยาก ต้องถอด/มองไม่เห็น — ลมรั่วมองไม่เห็น ต้องฟัง | M5: =G5*I5*K5 -> 240 | N5: =IF(G5>=9,"CRITICAL",IF(AND(G5>=7,M5>=200),"CRITICAL",IF(OR(G5>=7,M5>=150,I5>=7),"HIGH",IF(K5>=8,"MEDIUM","LOW")))) -> HIGH | O5: =IF(COUNTIF(AM_Standard!$B:$B,A5)>0,"✓","ขาด") -> ✓
A6: P02 | B6: หน้าแปลน · โบลต์ · ที่ยึดท่อ | C6: หลวม → ท่อสั่น | D6: MS/BD: รอยต่อรั่ว/แตก (สั่นผิดปกติ = มีปัญหา p.44) | E6: ขาด T | F6: Strength ลด (คลายจากแรงสั่น) | G6: 6 | H6: S6 = สูญเสียหน้าที่รอง | I6: 5 | J6: O5 [INFER] | K6: 7 | L6: D7 = Operator ตรวจในสถานี (ตา/หู/สัมผัส) | M6: =G6*I6*K6 -> 210 | N6: =IF(G6>=9,"CRITICAL",IF(AND(G6>=7,M6>=200),"CRITICAL",IF(OR(G6>=7,M6>=150,I6>=7),"HIGH",IF(K6>=8,"MEDIUM","LOW")))) -> HIGH | O6: =IF(COUNTIF(AM_Standard!$B:$B,A6)>0,"✓","ขาด") -> ✓
A7: P03 | B7: Air filter — ถ้วย (Bowl) + Drain (Manual/Auto) | C7: น้ำขังเต็มถ้วย / Auto drain ไม่ทำงาน | D7: DF/BD: น้ำไปวาล์ว-กระบอกสูบ ทำงานผิด สนิม ลมรั่ว (p.41–42) | E7: ขาด C (ไม่ระบาย Drain) | F7: Stress เพิ่ม (น้ำ/สนิม) | G7: 7 | H7: S7 = หน้าที่หลักลดลง | I7: 7 | J7: O7 ต้นฉบับ: กลางคืนอุณหภูมิลดเกิดน้ำทุกวัน (p.44) | K7: 7 | L7: D7 = Operator ตรวจในสถานี (ตา/หู/สัมผัส) (ถ้วยใส) | M7: =G7*I7*K7 -> 343 | N7: =IF(G7>=9,"CRITICAL",IF(AND(G7>=7,M7>=200),"CRITICAL",IF(OR(G7>=7,M7>=150,I7>=7),"HIGH",IF(K7>=8,"MEDIUM","LOW")))) -> CRITICAL | O7: =IF(COUNTIF(AM_Standard!$B:$B,A7)>0,"✓","ขาด") -> ✓
A8: P04 | B8: Air filter — Case (ถ้วยใส) | C8: แตกร้าว · หลุดเมื่อถอดขณะมีแรงดัน | D8: SF: ถ้วยหลุดกระเด็น (p.38) | E8: ขาด I + ใช้งานผิดวิธี (ถอดขณะมีแรงดัน) | F8: Strength ลด | G8: 9 | H8: S9 = อันตราย มีสัญญาณเตือน (เห็นรอยร้าว/เกจมีแรงดัน) | I8: 3 | J8: O3 [INFER] | K8: 7 | L8: D7 = Operator ตรวจในสถานี (ตา/หู/สัมผัส) | M8: =G8*I8*K8 -> 189 | N8: =IF(G8>=9,"CRITICAL",IF(AND(G8>=7,M8>=200),"CRITICAL",IF(OR(G8>=7,M8>=150,I8>=7),"HIGH",IF(K8>=8,"MEDIUM","LOW")))) -> CRITICAL | O8: =IF(COUNTIF(AM_Standard!$B:$B,A8)>0,"✓","ขาด") -> ✓
A9: P05 | B9: Air filter — Filter element | C9: ตัน | D9: DF: แรงดัน/อัตราไหลไม่พอ · เข็มเกจแกว่ง (p.49) | E9: ขาด C + ขาด I | F9: Stress เพิ่ม (แรงต้าน) | G9: 7 | H9: S7 = หน้าที่หลักลดลง | I9: 5 | J9: O5 [INFER] | K9: 6 | L9: D6 = ตรวจด้วยเครื่องมือวัด (เกจ/นาฬิกา) (เข็มเกจ) | M9: =G9*I9*K9 -> 210 | N9: =IF(G9>=9,"CRITICAL",IF(AND(G9>=7,M9>=200),"CRITICAL",IF(OR(G9>=7,M9>=150,I9>=7),"HIGH",IF(K9>=8,"MEDIUM","LOW")))) -> CRITICAL | O9: =IF(COUNTIF(AM_Standard!$B:$B,A9)>0,"✓","ขาด") -> ✓
A10: P06 | B10: Regulator — Handle + Lock nut | C10: Lock nut หลวม → Handle หมุนเอง ค่าตั้งเคลื่อน | D10: DF: แรงกระบอกสูบไม่ตรง [INFER] | E10: ขาด T | F10: Strength ลด (แรงสั่นของเครื่อง p.39) | G10: 7 | H10: S7 = หน้าที่หลักลดลง | I10: 6 | J10: O6 ต้นฉบับ: แรงสั่นทำให้ Handle หมุนเอง (p.39) | K10: 7 | L10: D7 = Operator ตรวจในสถานี (ตา/หู/สัมผัส) | M10: =G10*I10*K10 -> 294 | N10: =IF(G10>=9,"CRITICAL",IF(AND(G10>=7,M10>=200),"CRITICAL",IF(OR(G10>=7,M10>=150,I10>=7),"HIGH",IF(K10>=8,"MEDIUM","LOW")))) -> CRITICAL | O10: =IF(COUNTIF(AM_Standard!$B:$B,A10)>0,"✓","ขาด") -> ✓
A11: P07 | B11: Regulator — Diaphragm · Spring · Packing | C11: Diaphragm เสียหาย · สปริงสนิม/ล้า/หัก · Packing บาก | D11: DF: คุมแรงดันไม่ได้ | E11: ขาด I (ถอดตรวจ 1 ปี) | F11: Strength ลด (เสื่อมตามอายุ) | G11: 7 | H11: S7 = หน้าที่หลักลดลง | I11: 3 | J11: O3 [INFER] | K11: 8 | L11: D8 = ตรวจได้ยาก ต้องถอด/มองไม่เห็น (ภายใน) | M11: =G11*I11*K11 -> 168 | N11: =IF(G11>=9,"CRITICAL",IF(AND(G11>=7,M11>=200),"CRITICAL",IF(OR(G11>=7,M11>=150,I11>=7),"HIGH",IF(K11>=8,"MEDIUM","LOW")))) -> HIGH | O11: =IF(COUNTIF(AM_Standard!$B:$B,A11)>0,"✓","ขาด") -> ✓
A12: P08 | B12: Pressure gauge (FRL) | C12: เพี้ยน · กระจกแตก · เข็มผิดปกติ | D12: DF: อ่านค่าผิด | E12: ขาด I | F12: Strength ลด | G12: 6 | H12: S6 = สูญเสียหน้าที่รอง (การเฝ้าดู) | I12: 4 | J12: O4 [INFER] | K12: 7 | L12: D7 = Operator ตรวจในสถานี (ตา/หู/สัมผัส) | M12: =G12*I12*K12 -> 168 | N12: =IF(G12>=9,"CRITICAL",IF(AND(G12>=7,M12>=200),"CRITICAL",IF(OR(G12>=7,M12>=150,I12>=7),"HIGH",IF(K12>=8,"MEDIUM","LOW")))) -> HIGH | O12: =IF(COUNTIF(AM_Standard!$B:$B,A12)>0,"✓","ขาด") -> ✓
A13: P09 | B13: Lubricator — น้ำมันในถ้วย | C13: น้ำมันหมด · ขุ่นขาว (น้ำปน) | D13: DF/BD: หล่อลื่นไม่พอ → ไม่นิ่ง แรงไม่พอ ซีลสึก ลมรั่ว สนิม (p.43) | E13: ขาด L (ไม่เติมตามรอบ) + ขาด C (Drain → น้ำปน) | F13: Stress เพิ่ม (แรงเสียดทาน) | G13: 7 | H13: S7 = หน้าที่หลักลดลง | I13: 6 | J13: O6 [INFER] ไม่มีผู้ดูแลระบบลมโดยเฉพาะ (p.44) | K13: 7 | L13: D7 = Operator ตรวจในสถานี (ตา/หู/สัมผัส) | M13: =G13*I13*K13 -> 294 | N13: =IF(G13>=9,"CRITICAL",IF(AND(G13>=7,M13>=200),"CRITICAL",IF(OR(G13>=7,M13>=150,I13>=7),"HIGH",IF(K13>=8,"MEDIUM","LOW")))) -> CRITICAL | O13: =IF(COUNTIF(AM_Standard!$B:$B,A13)>0,"✓","ขาด") -> ✓
A14: P10 | B14: Lubricator — Drop adjust screw · Sight dome | C14: ไม่หยด · นอก 2–6 หยด/นาที | D14: DF: น้ำมันไปไม่ทั่ว/มากเกิน (p.45, p.49) | E14: ไม่ใช้งานตามเงื่อนไข (ปรับเอง) + ขาด I | F14: Stress เพิ่ม | G14: 7 | H14: S7 = หน้าที่หลักลดลง | I14: 5 | J14: O5 [INFER] | K14: 7 | L14: D7 = Operator ตรวจในสถานี (ตา/หู/สัมผัส) (นับหยด 1 นาที) | M14: =G14*I14*K14 -> 245 | N14: =IF(G14>=9,"CRITICAL",IF(AND(G14>=7,M14>=200),"CRITICAL",IF(OR(G14>=7,M14>=150,I14>=7),"HIGH",IF(K14>=8,"MEDIUM","LOW")))) -> CRITICAL | O14: =IF(COUNTIF(AM_Standard!$B:$B,A14)>0,"✓","ขาด") -> ✓
A15: P11 | B15: Lubricator — Oil cap | C15: เปิดขณะมีแรงดัน → น้ำมันพุ่ง (แบบ Selective) | D15: SF: น้ำมันพุ่งใส่ผู้ปฏิบัติงาน | E15: ใช้งานผิดวิธี (ไม่ปล่อยลมค้าง) | F15: Stress เพิ่ม (แรงดันค้าง) | G15: 9 | H15: S9 = อันตราย มีสัญญาณเตือน (เกจแสดงแรงดัน) | I15: 3 | J15: O3 [INFER] | K15: 7 | L15: D7 = Operator ตรวจในสถานี (ตา/หู/สัมผัส) | M15: =G15*I15*K15 -> 189 | N15: =IF(G15>=9,"CRITICAL",IF(AND(G15>=7,M15>=200),"CRITICAL",IF(OR(G15>=7,M15>=150,I15>=7),"HIGH",IF(K15>=8,"MEDIUM","LOW")))) -> CRITICAL | O15: =IF(COUNTIF(AM_Standard!$B:$B,A15)>0,"✓","ขาด") -> ✓
A16: P12 | B16: Solenoid valve — Coil · Magnet core | C16: ฉนวน Coil เสื่อม · Core สนิม | D16: BD: วาล์วไม่สลับ เครื่องหยุด | E16: ขาด I (ถอดตรวจ 1 ปี) | F16: Strength ลด | G16: 8 | H16: S8 = สูญเสียหน้าที่หลัก (BD) | I16: 3 | J16: O3 [INFER] | K16: 9 | L16: D9 = แทบตรวจไม่ได้ในงานประจำ (ถอดตรวจ 1 ปี) | M16: =G16*I16*K16 -> 216 | N16: =IF(G16>=9,"CRITICAL",IF(AND(G16>=7,M16>=200),"CRITICAL",IF(OR(G16>=7,M16>=150,I16>=7),"HIGH",IF(K16>=8,"MEDIUM","LOW")))) -> CRITICAL | O16: =IF(COUNTIF(AM_Standard!$B:$B,A16)>0,"✓","ขาด") -> ✓
... A24: P20 | B24: Binder · Lock band | C24: รัดแน่นเกิน · Band ผิดขนาด/เกินจำนวน · ของทดแทน | D24: DF: สายบุบ → แรงดันไม่พอ | E24: ซ่อมผิดวิธี | F24: Stress เพิ่ม (แรงบีบ) | G24: 6 | H24: S6 = สูญเสียหน้าที่รอง | I24: 5 | J24: O5 [INFER] | K24: 7 | L24: D7 = Operator ตรวจในสถานี (ตา/หู/สัมผัส) | M24: =G24*I24*K24 -> 210 | N24: =IF(G24>=9,"CRITICAL",IF(AND(G24>=7,M24>=200),"CRITICAL",IF(OR(G24>=7,M24>=150,I24>=7),"HIGH",IF(K24>=8,"MEDIUM","LOW")))) -> HIGH | O24: =IF(COUNTIF(AM_Standard!$B:$B,A24)>0,"✓","ขาด") -> ✓
M26: CRITICAL | N26: =COUNTIF(N5:N24,"CRITICAL") -> 10
M27: HIGH | N27: =COUNTIF(N5:N24,"HIGH") -> 9
M28: MEDIUM | N28: =COUNTIF(N5:N24,"MEDIUM") -> 0
M29: LOW | N29: =COUNTIF(N5:N24,"LOW") -> 1
M30: ไม่อยู่ใน Standard | N30: =COUNTIF(O5:O24,"ขาด") -> 0

Sheet AM_Standard
A1: Step 4 · AM Standard (CILT) — ระบบลม
A2: เวลา = ประมาณการ [INFER] ให้จับเวลาจริง · Risk level ดึงจากชีท FMEA ด้วยสูตร · D = ทุกวัน · W = รายสัปดาห์ · 3M / 6M / 1Y = ตามรอบ · ข้อใน AM Check Sheet: D = Daily_Check · W = Weekly_Check · P = Periodic_Check
A4: No. | B4: Part ID | C4: ระบบ / จุดตรวจ (Check point) | D4: CILT | E4: วิธีทำ (1-2-3) | F4: ✓ ปกติ (Normal) | G4: ✗ ผิดปกติ → ทำอะไร | H4: ความถี่ | I4: เวลา (นาที) | J4: Risk level | K4: Kaizen / Visual control | L4: ผลถ้าละเลย (Neglect) | M4: ผู้รับผิดชอบ | N4: ข้อใน AM Check Sheet | O4: ที่มา
A5: ① ระบบท่อลม (Air piping)
A6: 1 | B6: P02 | C6: ท่อลมสั่น · หน้าแปลน · โบลต์ · ที่ยึดท่อ | D6: I/T | E6: 1. ดูท่อลมขณะเครื่องเดิน 2. ดู Match mark ที่หน้าแปลน/โบลต์/ที่ยึดท่อ | F6: ไม่สั่นผิดปกติ · ไม่หลวม | G6: สั่น/หลวม → แจ้งช่างซ่อมบำรุงทันที | H6: D · ขณะเดิน | I6: 1 | J6: =IFERROR(INDEX(FMEA!$N$5:$N$24,MATCH(B6,FMEA!$A$5:$A$24,0)),"—") -> HIGH | K6: Match mark บนโบลต์หน้าแปลน/ที่ยึด * | L6: รอยต่อรั่ว/แตก | M6: Operator | N6: D6, D10 | O6: PDF p.44
A7: 2 | B7: P01 | C7: ลมรั่ว: ระบบท่อ (Table 2) | D7: I | E7: 1. ช่วงไลน์หยุด เปิดลมค้างไว้ 2. ฟัง/ฉีดน้ำสบู่ที่ข้อต่อเชื่อม · เกลียว · หน้าแปลน · Stop valve · สายยาง 3. ติด F-tag จุดรั่ว | F7: ไม่รั่วทุกจุด | G7: รั่ว → ติด F-tag แจ้งช่าง * | H7: 3M | I7: 10 | J7: =IFERROR(INDEX(FMEA!$N$5:$N$24,MATCH(B7,FMEA!$A$5:$A$24,0)),"—") -> HIGH | K7: แผนที่จุดตรวจลมรั่วติดหมายเลข * | L7: แรงดันตก สูญเสียลมอัด | M7: Operator / PM * | N7: P7 | O7: PDF p.45
A8: ② ชุด 3 ตัว (FRL)
A9: 3 | B9: P03 | C9: Drain ที่ Air filter | D9: C | E9: 1. ต้นกะแรก * 2. ดูระดับน้ำในถ้วย 3. มีน้ำ → เปิดวาล์ว Drain (Manual) จนหมด แล้วปิด | F9: ไม่มีน้ำขังในถ้วย | G9: มีน้ำ → ระบาย · Auto drain ยังมีน้ำ → แจ้งช่าง เปลี่ยนชิ้นส่วน * | H9: D · ต้นกะ * | I9: 1 | J9: =IFERROR(INDEX(FMEA!$N$5:$N$24,MATCH(B9,FMEA!$A$5:$A$24,0)),"—") -> CRITICAL | K9: ขีดระดับน้ำสูงสุดบนถ้วย * | L9: น้ำไปวาล์ว/กระบอกสูบ → ทำงานผิด สนิม ลมรั่ว | M9: Operator | N9: D1 | O9: PDF p.41–42, p.44, p.49
A10: 4 | B10: P04 | C10: ถ้วยกรอง / ถ้วยน้ำมัน: แตกร้าว | D10: I | E10: 1. ดูรอยร้าวรอบถ้วย 2. ห้ามถอดถ้วยขณะมีแรงดัน | F10: ไม่แตกร้าว | G10: แตกร้าว → หยุดใช้ ปิดลม แจ้งช่าง * | H10: D · ต้นกะ * | I10: 0.5 | J10: =IFERROR(INDEX(FMEA!$N$5:$N$24,MATCH(B10,FMEA!$A$5:$A$24,0)),"—") -> CRITICAL | K10: ฝาครอบถ้วย (Bowl guard) [AI-KB] * | L10: ถ้วยหลุดกระเด็น → บาดเจ็บ | M10: Operator | N10: D4 | O10: PDF p.38, p.46
A11: 5 | B11: P05 | C11: เข็มเกจ Regulator แกว่ง (ไส้กรองตัน) | D11: I | E11: 1. ดูเข็มเกจขณะเครื่องเดิน | F11: เข็มนิ่ง | G11: แกว่งมาก → เปลี่ยน Filter element (แจ้งช่าง *) | H11: D · ขณะเดิน | I11: 0.5 | J11: =IFERROR(INDEX(FMEA!$N$5:$N$24,MATCH(B11,FMEA!$A$5:$A$24,0)),"—") -> CRITICAL | K11: — | L11: แรงดัน/อัตราไหลไม่พอ | M11: Operator | N11: D8 | O11: PDF p.49
A12: 6 | B12: P06 | C12: Regulator: Lock nut | D12: T | E12: 1. ดู Match mark ที่ Lock nut 2. หลวม → ขันให้แน่น | F12: Lock nut แน่น · ค่าตั้งไม่เคลื่อน | G12: หลวม → ขันแน่น · ค่าตั้งเคลื่อนแล้ว → แจ้งช่างตั้งใหม่ * | H12: D · ต้นกะ * | I12: 0.5 | J12: =IFERROR(INDEX(FMEA!$N$5:$N$24,MATCH(B12,FMEA!$A$5:$A$24,0)),"—") -> CRITICAL | K12: Match mark (I-mark) ที่ Lock nut * | L12: ค่าตั้งเคลื่อน → แรงกระบอกสูบไม่ตรง | M12: Operator | N12: D2 | O12: PDF p.39, p.49
A13: 7 | B13: P08 | C13: เกจแรงดัน: อยู่ในช่วงใช้งาน | D13: I | E13: 1. ดูเข็มเกจเทียบแถบเขียว | F13: อยู่ในแถบเขียว (ค่าตั้ง [DATA REQUIRED]) | G13: นอกช่วง → แจ้งช่างซ่อมบำรุงทันที | H13: D · ขณะเดิน | I13: 0.5 | J13: =IFERROR(INDEX(FMEA!$N$5:$N$24,MATCH(B13,FMEA!$A$5:$A$24,0)),"—") -> HIGH | K13: แถบเขียวที่ค่าตั้ง (p.39) | L13: แรงดันผิดโดยไม่รู้ | M13: Operator | N13: D7 | O13: PDF p.39, p.44
A14: 8 | B14: P08 | C14: เกจ: กระจก · เข็ม · แถบเขียว | D14: I | E14: 1. ดูกระจกแตก เข็มผิดปกติ 2. ดูแถบเขียวชัด | F14: กระจกไม่แตก · เข็มปกติ · แถบชัด | G14: แตก/เข็มผิด → เปลี่ยนเกจ · ไม่มีแถบ → ทำแถบเขียว | H14: W * | I14: 0.5 | J14: =IFERROR(INDEX(FMEA!$N$5:$N$24,MATCH(B14,FMEA!$A$5:$A$24,0)),"—") -> HIGH | K14: — | L14: อ่านค่าผิด | M14: Operator | N14: W7 | O14: PDF p.39
A15: 9 | B15: P10 | C15: Lubricator: หยดน้ำมัน | D15: I | E15: 1. เครื่องเดิน 2. นับหยดใน Sight dome 1 นาที 3. บันทึกจำนวนหยด | F15: 2–6 หยด/นาที (หรือค่าที่ฝ่ายซ่อมกำหนด) | G15: ไม่หยด → แจ้งช่าง * · นอก 2–6 → △ ปรึกษาฝ่ายซ่อมก่อนปรับ | H15: D · ขณะเดิน | I15: 1 | J15: =IFERROR(INDEX(FMEA!$N$5:$N$24,MATCH(B15,FMEA!$A$5:$A$24,0)),"—") -> CRITICAL | K15: ป้าย “2–6 หยด/นาที” ข้าง Sight dome * | L15: หล่อลื่นไม่พอ → ไม่นิ่ง ซีลสึก ลมรั่ว สนิม | M15: Operator | N15: D9 | O15: PDF p.40, p.49
A16: 10 | B16: P09 | C16: Lubricator: น้ำมันขุ่นขาว | D16: I | E16: 1. ดูน้ำมันในถ้วย | F16: ใส ไม่ขุ่นขาว | G16: ขุ่นขาว (น้ำปน) → เปลี่ยนน้ำมันใหม่ | H16: D · ต้นกะ * | I16: 0.5 | J16: =IFERROR(INDEX(FMEA!$N$5:$N$24,MATCH(B16,FMEA!$A$5:$A$24,0)),"—") -> CRITICAL | K16: — | L16: น้ำปนไปกับละอองน้ำมัน → สนิม | M16: Operator | N16: D3 | O16: PDF p.49
A17: 11 | B17: P11 | C17: Lubricator: เติมน้ำมัน | D17: L | E17: 1. ปิดลมเข้า * แล้วปล่อยแรงดันค้าง 2. เปิด Oil cap 3. เติมถึงระดับ ปิดฝา จ่ายลม 4. เทียบปริมาณที่เติมกับรอบก่อน | F17: เติมถึงระดับ · ไม่มีน้ำมันพุ่ง · ลดตามปกติ | G17: ยังมีแรงดัน → หยุด ปล่อยลมก่อน · ลดเร็ว → หาจุดรั่วทันที | H17: W (เดินหนัก ทุก 3 วัน) | I17: 3 | J17: =IFERROR(INDEX(FMEA!$N$5:$N$24,MATCH(B17,FMEA!$A$5:$A$24,0)),"—") -> CRITICAL | K17: ป้าย “ปล่อยลมก่อนเปิดฝา” ที่ Oil cap * | L17: น้ำมันพุ่งใส่ผู้ปฏิบัติงาน · หล่อลื่นขาด | M17: Operator | N17: W1, W2 | O17: PDF p.40, p.44
A18: 12 | B18: P03 | C18: Auto drain: ทำงาน | D18: I | E18: 1. ดูน้ำในถ้วยหลังเครื่องเดิน 2. ดูวาล์วระบายเปิด-ปิด | F18: ระบายน้ำได้เอง | G18: ไม่ระบาย → แจ้งช่าง เปลี่ยนชิ้นส่วน * | H18: 3M | I18: 1 | J18: =IFERROR(INDEX(FMEA!$N$5:$N$24,MATCH(B18,FMEA!$A$5:$A$24,0)),"—") -> CRITICAL | K18: — | L18: น้ำขังโดยไม่รู้ | M18: Operator | N18: P1 | O18: PDF p.45, p.49
A19: 13 | B19: P06 | C19: Regulator: ลองหมุนปรับแรงดัน | D19: I/A | E19: 1. คลาย Lock nut 2. ขัน → แรงดันเพิ่ม · คลาย → ลด 3. ตั้งกลับค่าตั้ง + ขัน Lock nut | F19: เกจเปลี่ยนตาม Handle · ตั้งกลับได้ | G19: ไม่เปลี่ยน → แจ้งช่าง * | H19: 3M | I19: 3 | J19: =IFERROR(INDEX(FMEA!$N$5:$N$24,MATCH(B19,FMEA!$A$5:$A$24,0)),"—") -> CRITICAL | K19: — | L19: Regulator เสียโดยไม่รู้ | M19: ผู้ได้รับมอบหมาย * | N19: P2 | O19: PDF p.39, p.45
A20: 14 | B20: P08 | C20: เกจ: ปล่อยแรงดันแล้วชี้ 0 | D20: I | E20: 1. ปิดลม ปล่อยแรงดันค้าง 2. ดูเข็ม | F20: ชี้ 0 | G20: ไม่ชี้ 0 → เปลี่ยนเกจ * | H20: 3M | I20: 1 | J20: =IFERROR(INDEX(FMEA!$N$5:$N$24,MATCH(B20,FMEA!$A$5:$A$24,0)),"—") -> HIGH | K20: — | L20: อ่านค่าผิด | M20: Operator | N20: P3 | O20: PDF p.45
A21: 15 | B21: P07 | C21: ถอดตรวจ FRL ภายใน: Case · Element · Diaphragm · สปริง · Packing · ความเที่ยงเกจ | D21: I/C | E21: 1. ปิดลม + ปล่อยลมค้าง + LOTO * 2. ถอดตรวจตามรายการ p.46 3. Element โลหะ: ล้างน้ำมันก๊าด · อัลลอย: เปลี่ยนใหม่ | F21: ไม่แตก · ไม่ตัน · ไม่เสียหาย · เกจไม่เพี้ยน | G21: เปลี่ยนชิ้นส่วน | H21: 1Y | I21: 30 | J21: =IFERROR(INDEX(FMEA!$N$5:$N$24,MATCH(B21,FMEA!$A$5:$A$24,0)),"—") -> HIGH | K21: — | L21: คุมแรงดันไม่ได้ · ถ้วยแตก | M21: PM * | N21: P9, P10, P11 | O21: PDF p.38, p.46
A22: ③ วาล์วควบคุม (Control valves)
A23: 16 | B23: P13 | C23: ความเร็วการทำงาน (สลับทิศราบรื่น) | D23: I | E23: 1. จับเวลา 1 รอบ 2. เทียบเวลาปกติ | F23: เหมือนทุกครั้ง [DATA REQUIRED] | G23: ช้า/เร็วผิดปกติ → แจ้งช่างซ่อมบำรุงทันที | H23: D · ขณะเดิน | I23: 1 | J23: =IFERROR(INDEX(FMEA!$N$5:$N$24,MATCH(B23,FMEA!$A$5:$A$24,0)),"—") -> CRITICAL | K23: ป้ายเวลารอบปกติที่เครื่อง * | L23: วาล์ว/กระบอกสูบผิดปกติโดยไม่รู้ | M23: Operator | N23: D5 | O23: PDF p.44
A24: 17 | B24: P14 | C24: Exhaust port: ละอองน้ำมัน · ลมรั่ว | D24: I | E24: 1. ดูละอองน้ำมันที่ Exhaust port ขณะวาล์วสลับ 2. ฟังลมรั่วตอนวาล์วหยุด | F24: ละอองน้ำมันพอดี · ไม่รั่ว | G24: น้อย → ตรวจ Lubricator · มาก → ปรับลด · รั่ว → ดู Valve seat/สปริง | H24: 3M | I24: 2 | J24: =IFERROR(INDEX(FMEA!$N$5:$N$24,MATCH(B24,FMEA!$A$5:$A$24,0)),"—") -> HIGH | K24: — | L24: หล่อลื่นผิดปกติ · วาล์วรั่ว | M24: Operator | N24: P4 | O24: PDF p.45
A25: 18 | B25: P15 | C25: Speed controller: ลองปรับความเร็ว | D25: I/A | E25: 1. ปรับ Needle 2. ดูความเร็วเปลี่ยนตาม 3. ตั้งกลับ | F25: ความเร็วเปลี่ยนตาม | G25: ไม่เปลี่ยน → แจ้งช่าง * | H25: 3M | I25: 2 | J25: =IFERROR(INDEX(FMEA!$N$5:$N$24,MATCH(B25,FMEA!$A$5:$A$24,0)),"—") -> LOW | K25: Match mark ที่ปุ่มปรับ * | L25: ความเร็วผิด | M25: ผู้ได้รับมอบหมาย * | N25: P5 | O25: PDF p.45
A26: 19 | B26: P12 | C26: ถอดตรวจ Solenoid valve: Coil · Core · Spool · O-ring | D26: I | E26: 1. ตัดไฟ + ปิดลม + LOTO * 2. วัดฉนวน Coil 3. ตรวจ Core · สปริง · Spool · O-ring · Cam lever | F26: ฉนวนดี · ไม่สนิม · ไม่บาก/สึก | G26: เปลี่ยนชิ้นส่วน | H26: 1Y | I26: 30 | J26: =IFERROR(INDEX(FMEA!$N$5:$N$24,MATCH(B26,FMEA!$A$5:$A$24,0)),"—") -> CRITICAL | K26: — | L26: Coil ไหม้ · วาล์วค้าง → BD | M26: PM * | N26: P13, P14 | O26: PDF p.46
A27: 20 | B27: P16 | C27: ถอดตรวจ Relief valve · Speed controller | D27: I | E27: 1. ปิดลม + LOTO * 2. ตรวจ Valve seat · Diaphragm · สปริง · Needle · Seat packing | F27: ไม่บาก · ไม่เสียหาย | G27: เปลี่ยนชิ้นส่วน | H27: 1Y | I27: 20 | J27: =IFERROR(INDEX(FMEA!$N$5:$N$24,MATCH(B27,FMEA!$A$5:$A$24,0)),"—") -> CRITICAL | K27: — | L27: ป้องกันแรงดันเกินไม่ได้ | M27: PM * | N27: P12, P15 | O27: PDF p.46
A28: ④ กระบอกสูบลม (Actuator)
A29: 21 | B29: P18 | C29: ลมรั่วที่ก้านสูบ · อุปกรณ์ (Table 2) | D29: I | E29: 1. ฟัง/ฉีดน้ำสบู่ที่ก้านสูบ · Case + Drain cock · Relief hole · ช่องเติมน้ำมัน · Exhaust port | F29: ไม่รั่ว | G29: รั่ว → ติด F-tag แจ้งช่าง * | H29: 3M | I29: 5 | J29: =IFERROR(INDEX(FMEA!$N$5:$N$24,MATCH(B29,FMEA!$A$5:$A$24,0)),"—") -> HIGH | K29: — | L29: แรงตก · สูญเสียลมอัด | M29: Operator | N29: P6, P8 | O29: PDF p.45
A30: 22 | B30: P17 | C30: ถอดตรวจกระบอกสูบ: Tube · O-ring · Packing | D30: I | E30: 1. ปิดลม + LOTO * 2. ตรวจผิวใน Tube · O-ring · Packing | F30: ไม่บาก ไม่เสียรูป ไม่สึก | G30: เปลี่ยนชิ้นส่วน | H30: 1Y | I30: 30 | J30: =IFERROR(INDEX(FMEA!$N$5:$N$24,MATCH(B30,FMEA!$A$5:$A$24,0)),"—") -> HIGH | K30: — | L30: ไม่นิ่ง แรงไม่พอ | M30: PM * | N30: P16 | O30: PDF p.46
A31: ⑤ สายลม + การรัด (Air tube)
A32: 23 | B32: P19 | C32: สายลมที่จุดรัด: บุบ · เสียดสี | D32: I | E32: 1. ดูสายที่จุดรัดทุกจุด 2. ดูรอยสึกที่สายสัมผัสขอบโครง | F32: สายกลม · ไม่มีรอยสึก | G32: บุบ/สึก → แจ้งหัวหน้างาน รัดใหม่ * | H32: W * | I32: 2 | J32: =IFERROR(INDEX(FMEA!$N$5:$N$24,MATCH(B32,FMEA!$A$5:$A$24,0)),"—") -> HIGH | K32: — | L32: แรงดันและอัตราไหลไม่พอ | M32: Operator | N32: W4, W6 | O32: PDF p.47
A33: 24 | B33: P20 | C33: Binder · Lock band | D33: T/I | E33: 1. ดูรัดเผื่อระยะ 2. ดู Band ตรงขนาดและจำนวนสาย ไม่ใช่ของทดแทน | F33: เผื่อระยะ · Band ตรง | G33: ไม่ตรง → แจ้งหัวหน้างาน เปลี่ยน Band * | H33: W * | I33: 1 | J33: =IFERROR(INDEX(FMEA!$N$5:$N$24,MATCH(B33,FMEA!$A$5:$A$24,0)),"—") -> HIGH | K33: ป้ายขนาด/จำนวนสายบน Band * | L33: สายบุบ | M33: Operator | N33: W5 | O33: PDF p.47
A35: เวลา AM รายวันรวม (นาที) · เป้า Step 3: < 10 นาที/กะ | I35: =SUMIF(H6:H33,"D*",I6:I33) -> 6.5 | J35: =IF(I35<10,"ผ่าน","เกิน") -> ผ่าน
A36: เวลา AM รายสัปดาห์รวม (นาที) | I36: =SUMIF(H6:H33,"W*",I6:I33) -> 6.5

Sheet AM_Calendar
A1: AM Calendar — ระบบลม · ปี ……
A2: D = ทุกวัน · W = รายสัปดาห์ · Q = ทุก 3 เดือน (มี.ค. มิ.ย. ก.ย. ธ.ค. *) · S = ทุก 6 เดือน (มิ.ย. ธ.ค. *) · A = ทุก 1 ปี (ธ.ค. *) · เดือนที่ตรวจตามรอบเป็นข้อเสนอ ให้วางตามแผนหยุดเครื่อง
A4: No. | B4: กิจกรรม (CILT) | C4: CILT | D4: ความถี่ | E4: Risk | F4: ม.ค. | G4: ก.พ. | H4: มี.ค. | I4: เม.ย. | J4: พ.ค. | K4: มิ.ย. | L4: ก.ค. | M4: ส.ค. | N4: ก.ย. | O4: ต.ค. | P4: พ.ย. | Q4: ธ.ค. | R4: ผู้รับผิดชอบ
A5: ① ระบบท่อลม (Air piping)
A6: 1 | B6: ท่อลมสั่น · หน้าแปลน · โบลต์ · ที่ยึดท่อ | C6: I/T | D6: D · ขณะเดิน | E6: =AM_Standard!J6 -> HIGH | F6: D | G6: D | H6: D | I6: D | J6: D | K6: D | L6: D | M6: D | N6: D | O6: D | P6: D | Q6: D | R6: Operator
A7: 2 | B7: ลมรั่ว: ระบบท่อ (Table 2) | C7: I | D7: 3M | E7: =AM_Standard!J7 -> HIGH | H7: Q | K7: Q | N7: Q | Q7: Q | R7: Operator / PM *
A8: ② ชุด 3 ตัว (FRL)
A9: 3 | B9: Drain ที่ Air filter | C9: C | D9: D · ต้นกะ * | E9: =AM_Standard!J9 -> CRITICAL | F9: D | G9: D | H9: D | I9: D | J9: D | K9: D | L9: D | M9: D | N9: D | O9: D | P9: D | Q9: D | R9: Operator
A10: 4 | B10: ถ้วยกรอง / ถ้วยน้ำมัน: แตกร้าว | C10: I | D10: D · ต้นกะ * | E10: =AM_Standard!J10 -> CRITICAL | F10: D | G10: D | H10: D | I10: D | J10: D | K10: D | L10: D | M10: D | N10: D | O10: D | P10: D | Q10: D | R10: Operator
A11: 5 | B11: เข็มเกจ Regulator แกว่ง (ไส้กรองตัน) | C11: I | D11: D · ขณะเดิน | E11: =AM_Standard!J11 -> CRITICAL | F11: D | G11: D | H11: D | I11: D | J11: D | K11: D | L11: D | M11: D | N11: D | O11: D | P11: D | Q11: D | R11: Operator
A12: 6 | B12: Regulator: Lock nut | C12: T | D12: D · ต้นกะ * | E12: =AM_Standard!J12 -> CRITICAL | F12: D | G12: D | H12: D | I12: D | J12: D | K12: D | L12: D | M12: D | N12: D | O12: D | P12: D | Q12: D | R12: Operator
A13: 7 | B13: เกจแรงดัน: อยู่ในช่วงใช้งาน | C13: I | D13: D · ขณะเดิน | E13: =AM_Standard!J13 -> HIGH | F13: D | G13: D | H13: D | I13: D | J13: D | K13: D | L13: D | M13: D | N13: D | O13: D | P13: D | Q13: D | R13: Operator
A14: 8 | B14: เกจ: กระจก · เข็ม · แถบเขียว | C14: I | D14: W * | E14: =AM_Standard!J14 -> HIGH | F14: W | G14: W | H14: W | I14: W | J14: W | K14: W | L14: W | M14: W | N14: W | O14: W | P14: W | Q14: W | R14: Operator
A15: 9 | B15: Lubricator: หยดน้ำมัน | C15: I | D15: D · ขณะเดิน | E15: =AM_Standard!J15 -> CRITICAL | F15: D | G15: D | H15: D | I15: D | J15: D | K15: D | L15: D | M15: D | N15: D | O15: D | P15: D | Q15: D | R15: Operator
A16: 10 | B16: Lubricator: น้ำมันขุ่นขาว | C16: I | D16: D · ต้นกะ * | E16: =AM_Standard!J16 -> CRITICAL | F16: D | G16: D | H16: D | I16: D | J16: D | K16: D | L16: D | M16: D | N16: D | O16: D | P16: D | Q16: D | R16: Operator
A17: 11 | B17: Lubricator: เติมน้ำมัน | C17: L | D17: W (เดินหนัก ทุก 3 วัน) | E17: =AM_Standard!J17 -> CRITICAL | F17: W | G17: W | H17: W | I17: W | J17: W | K17: W | L17: W | M17: W | N17: W | O17: W | P17: W | Q17: W | R17: Operator
A18: 12 | B18: Auto drain: ทำงาน | C18: I | D18: 3M | E18: =AM_Standard!J18 -> CRITICAL | H18: Q | K18: Q | N18: Q | Q18: Q | R18: Operator
A19: 13 | B19: Regulator: ลองหมุนปรับแรงดัน | C19: I/A | D19: 3M | E19: =AM_Standard!J19 -> CRITICAL | H19: Q | K19: Q | N19: Q | Q19: Q | R19: ผู้ได้รับมอบหมาย *
A20: 14 | B20: เกจ: ปล่อยแรงดันแล้วชี้ 0 | C20: I | D20: 3M | E20: =AM_Standard!J20 -> HIGH | H20: Q | K20: Q | N20: Q | Q20: Q | R20: Operator
A21: 15 | B21: ถอดตรวจ FRL ภายใน: Case · Element · Diaphragm · สปริง · Packing · ความเที่ยงเกจ | C21: I/C | D21: 1Y | E21: =AM_Standard!J21 -> HIGH | Q21: A | R21: PM *
A22: ③ วาล์วควบคุม (Control valves)
A23: 16 | B23: ความเร็วการทำงาน (สลับทิศราบรื่น) | C23: I | D23: D · ขณะเดิน | E23: =AM_Standard!J23 -> CRITICAL | F23: D | G23: D | H23: D | I23: D | J23: D | K23: D | L23: D | M23: D | N23: D | O23: D | P23: D | Q23: D | R23: Operator
A24: 17 | B24: Exhaust port: ละอองน้ำมัน · ลมรั่ว | C24: I | D24: 3M | E24: =AM_Standard!J24 -> HIGH | H24: Q | K24: Q | N24: Q | Q24: Q | R24: Operator
A25: 18 | B25: Speed controller: ลองปรับความเร็ว | C25: I/A | D25: 3M | E25: =AM_Standard!J25 -> LOW | H25: Q | K25: Q | N25: Q | Q25: Q | R25: ผู้ได้รับมอบหมาย *
A26: 19 | B26: ถอดตรวจ Solenoid valve: Coil · Core · Spool · O-ring | C26: I | D26: 1Y | E26: =AM_Standard!J26 -> CRITICAL | Q26: A | R26: PM *
A27: 20 | B27: ถอดตรวจ Relief valve · Speed controller | C27: I | D27: 1Y | E27: =AM_Standard!J27 -> CRITICAL | Q27: A | R27: PM *
A28: ④ กระบอกสูบลม (Actuator)
A29: 21 | B29: ลมรั่วที่ก้านสูบ · อุปกรณ์ (Table 2) | C29: I | D29: 3M | E29: =AM_Standard!J29 -> HIGH | H29: Q | K29: Q | N29: Q | Q29: Q | R29: Operator
A30: 22 | B30: ถอดตรวจกระบอกสูบ: Tube · O-ring · Packing | C30: I | D30: 1Y | E30: =AM_Standard!J30 -> HIGH | Q30: A | R30: PM *
A31: ⑤ สายลม + การรัด (Air tube)
A32: 23 | B32: สายลมที่จุดรัด: บุบ · เสียดสี | C32: I | D32: W * | E32: =AM_Standard!J32 -> HIGH | F32: W | G32: W | H32: W | I32: W | J32: W | K32: W | L32: W | M32: W | N32: W | O32: W | P32: W | Q32: W | R32: Operator
A33: 24 | B33: Binder · Lock band | C33: T/I | D33: W * | E33: =AM_Standard!J33 -> HIGH | F33: W | G33: W | H33: W | I33: W | J33: W | K33: W | L33: W | M33: W | N33: W | O33: W | P33: W | Q33: W | R33: Operator
F35: D | G35: ทุกวัน (Daily) | H35: W | I35: รายสัปดาห์ (Weekly) | J35: Q | K35: ทุก 3 เดือน | L35: S | M35: ทุก 6 เดือน | N35: A | O35: ทุก 1 ปี (Annual)

Sheet Kaizen_IoT_CBM
A1: Step 3B · Kaizen & IoT CBM — ระบบลม (からくりカイゼン = Karakuri Kaizen · 目で見る管理 = Visual control)
A2: เงื่อนไข: เป็น HTA (Hard to Access) หรือ SOC (Source of Contamination) และใช้เวลาตรวจ > 2 นาที · เวลาปัจจุบัน = ประมาณการ [INFER] ต้องจับเวลาจริงก่อนอนุมัติ · ราคา [AI-KB] ให้จัดซื้อยืนยัน
A4: No. | B4: จุดตรวจ / CILT | C4: ปัญหาปัจจุบัน (HTA / SOC · เวลา) | D4: ประเภท | E4: Idea | F4: ประโยชน์ที่คาด | G4: ค่าใช้จ่าย (บาท) | H4: เวลาที่ลดได้ | I4: Priority | J4: ผู้รับผิดชอบ | K4: ที่มา
A5: 1 | B5: P03 Drain ที่ Air filter (C) | C5: SOC: น้ำจากลมอัดทุกวัน · HTA: ถ้วยอยู่ต่ำ/หลังเครื่อง · ~1–2 นาที/ชุด/วัน × จำนวน FRL [DATA REQUIRED] | D5: Karakuri (Float) | E5: เปลี่ยนเป็น Auto drain แบบลูกลอย (ต้นฉบับมี Auto drain p.45, p.49) · ขีดระดับน้ำสูงสุดบนถ้วย | F5: ระบายเองตลอด · ตัดงานรายวัน เหลือตรวจ 3 เดือน | G5: ~1,500–3,000/ชุด [AI-KB] | H5: ~1–2 นาที/ชุด/วัน [INFER] | I5: P1 | J5: PM | K5: PDF p.44–45, p.49
A6: 2 | B6: P01/P18 ลมรั่ว Table 2 (I) | C6: HTA: ฟังลมรั่ว 10+ จุดในพื้นที่เสียงดัง ~15 นาที/รอบ [INFER] | D6: Visual control + เครื่องมือ | E6: แผนที่จุดตรวจลมรั่วติดหมายเลข + Leak tag · ใช้น้ำสบู่ หรือ Ultrasonic leak detector | F6: หาจุดรั่วเร็ว ไม่พลาดจุด · ลดลมอัดสูญเสีย | G6: น้ำสบู่ ~100 · Ultrasonic ~5,000–20,000 [AI-KB] | H6: ~10 นาที/รอบ [INFER] | I6: P2 | J6: Leader | K6: PDF p.45
A7: 3 | B7: P06/P02 Lock nut · โบลต์ (T) | C7: HTA: ต้องลองขันทีละตัว ~2–3 นาที [INFER] | D7: Visual control | E7: Match mark (I-mark) ด้วย Paint marker ที่ Lock nut Regulator · หน้าแปลน · ที่ยึดท่อ | F7: ตรวจด้วยตาใน 0.5 นาที | G7: ~100–300 [AI-KB] | H7: ~2 นาที/วัน [INFER] | I7: P1 | J7: Operator | K7: PDF p.39, p.44, p.49
A8: 4 | B8: Source: น้ำในลมอัดทั้งไลน์ | C8: SOC: น้ำและสนิมจากท่อหลัก (Drain ทุกเครื่อง ทุกวัน) | D8: แก้ที่ต้นเหตุ (EEM/Utility) | E8: ติด Drain separator / Dehumidifier ที่ท่อหลัก (ต้นฉบับ p.36–37 จัดเป็นอุปกรณ์กรอง) | F8: น้ำเข้าเครื่องน้อยลง · Drain ห่างขึ้น · วาล์ว/กระบอกสูบสนิมน้อยลง | G8: [DATA REQUIRED] ตามขนาดท่อ | H8: [INFER] ขึ้นกับจำนวนเครื่อง | I8: P2 | J8: Engineer / Utility | K8: PDF p.36–37, p.41–42

Sheet Verification
A1: Step 5 · Self-Verification
A2: ผล ✓ = ผ่าน · △ = ผ่านแบบมีเงื่อนไข (ต้องกรอกข้อมูลเครื่องจริง) · บางข้อคำนวณจากชีท FMEA
A4: V | B4: ตรวจอะไร | C4: ผล | D4: หมายเหตุ
A5: V1 | B5: Part ทุกตัวมาจากเอกสาร (ไม่มี Part ที่แต่งขึ้น) | C5: △ | D5: ทุก Part มาจาก PDF ต้นฉบับ (ชีท Breakdown คอลัมน์ที่มา) · ยังไม่มี Spare Part List → Part No. = [DATA REQUIRED]
A6: V2 | B6: S / O / D ทุกตัวมีเหตุผลอ้างตาราง AIAG | C6: △ | D6: S และ D อ้างตาราง · O ยังไม่มีประวัติเสียของเครื่อง → ประเมินจากสาเหตุในต้นฉบับ [INFER] ให้ปรับด้วย BD record
A7: V3 | B7: Part ที่ S = 9–10 เป็น CRITICAL ทุกตัว | C7: =IF(COUNTIFS(FMEA!G5:G24,">=9",FMEA!N5:N24,"<>CRITICAL")=0,"✓","✗") -> ✓ | D7: สูตรใน FMEA บังคับ S ≥ 9 → CRITICAL
A8: V4 | B8: Kaizen ทุกรายการเป็น HTA/SOC และ > 2 นาที | C8: △ | D8: ทุกรายการระบุ HTA/SOC · เวลาปัจจุบันเป็นประมาณการ → จับเวลาจริงก่อนอนุมัติ
A9: V5 | B9: Module code (M1–M6) ครบทุก Part | C9: ✓ | D9: ชีท Breakdown คอลัมน์ Module
A10: V6 | B10: Failure cause ทุกข้อ map กลับ CILT gap + Stress/Strength | C10: ✓ | D10: ชีท FMEA คอลัมน์ Failure cause และ Stress / Strength
A11: V7 | B11: ไม่มี Spec / Part No. ที่แต่งขึ้น | C11: ✓ | D11: ค่าตั้ง · Torque · ชนิดน้ำมัน · Part No. = [DATA REQUIRED]
A12: V8 | B12: Critical part ทุกตัวอยู่ใน AM Standard / AM Check Sheet | C12: =IF(COUNTIFS(FMEA!N5:N24,"CRITICAL",FMEA!O5:O24,"ขาด")=0,"✓","✗") -> ✓ | D12: สูตรนับ Critical ที่คอลัมน์ “อยู่ใน AM Standard” = ขาด · ข้อใน AM Check Sheet อยู่ในชีท AM_Standard
A13: V9 | B13: Calendar สอดคล้องความถี่ใน AM Standard | C13: ✓ | D13: สร้างจากแถวเดียวกันของ AM_Standard
A14: V10 | B14: Kaizen มีค่าใช้จ่ายและเวลาที่ลดได้ทุกรายการ | C14: △ | D14: ราคา [AI-KB] และเวลา [INFER] เป็นประมาณการ

Sheet To_Confirm
A1: To Confirm — ประเด็นที่ต้องยืนยันก่อนใช้จริง
A2: ให้หัวหน้างาน / ฝ่ายซ่อมบำรุง / Safety ยืนยัน แล้วแก้ในชีทที่เกี่ยวข้อง
A4: No. | B4: ประเด็น | C4: รายละเอียด | D4: ที่มา / สถานะ | E4: ผู้ยืนยัน | F4: วันที่ | G4: ผล / ค่าที่ใช้
A5: 1 | B5: Part No. ทุกชิ้นจาก Spare Part List ของเครื่องจริง | C5: ชีท Breakdown | D5: [DATA REQUIRED]
A6: 2 | B6: ค่าตั้งแรงดัน Regulator · เวลาต่อรอบ · ค่าหยดน้ำมันของเครื่อง · จำนวน FRL | C6: ชีท Breakdown / AM_Standard / Kaizen | D6: [DATA REQUIRED]
A7: 3 | B7: ค่า O (โอกาสเกิด) ทุกแถว | C7: ยังไม่มีประวัติเสีย → ปรับด้วย BD/F-tag record 6–12 เดือน | D7: [INFER] → ข้อมูลจริง
A8: 4 | B8: เวลาต่อจุดตรวจ (นาที) | C8: ประมาณการ · จับเวลาจริง · เป้า < 10 นาที/กะ | D8: [INFER]
A9: 5 | B9: Drain ตอนต้นกะ · ความถี่ W * · เดือนในปฏิทิน | C9: ต้นฉบับบอกวันละครั้ง/สัปดาห์ละครั้ง/3 เดือน/1 ปี แต่ไม่ระบุเวลาและเดือน | D9: ข้อเสนอ
A10: 6 | B10: เปิด Manual drain ขณะมีลม หรือปล่อยลมก่อน | C10: ต้นฉบับเตือนแรงดันค้างเฉพาะตอนถอดถ้วย/เติมน้ำมัน | D10: ให้ Safety ยืนยัน · PDF p.38, p.40
A11: 7 | B11: ปิดลมเข้า + LOTO ก่อนเติมน้ำมัน / ถอดตรวจ | C11: ต้นฉบับบอกให้ปล่อยแรงดันค้าง แต่ไม่ระบุ LOTO | D11: ข้อเสนอ · Safety ยืนยัน
A12: 8 | B12: ผู้ทำงานถอดตรวจ 1 ปี = PM · ผู้ลองปรับ Regulator/Speed controller = ผู้ได้รับมอบหมาย | C12: ต้นฉบับไม่ระบุผู้ทำ | D12: ข้อเสนอ
A13: 9 | B13: ราคา Kaizen | C13: ประมาณการ | D13: [AI-KB] · จัดซื้อยืนยัน
A14: 10 | B14: S = 9 ของถ้วยกรองและ Oil cap | C14: ต้นฉบับเตือนอันตราย (p.38, p.40) · ระดับ S ประเมินโดยผู้จัดทำ | D14: ให้ Safety ยืนยัน
